1186.json,
1202.json,
1729.json,
1730.json,
2229.json,
2239-2248_1.json,
2239-2248_2.json,
2241.json,
2251.json,
247.json,
248.json,
250.json,
254.json,
254_2.json,
257.json,
259.json,
260.json,
262.json,
3110.json,
3243.json,
3251.json,
3257-3258.json,
3259.json,
3260.json,
3260_2.json,
3260_3.json,
3262.json,
3264.json,
3274.json,
3295.json,
3296.json,
3298.json,
3304.json,
3306.json,
3324.json,
3326.json,
3332.json,
3333.json,
3335.json,
3336.json,
3337.json,
3338.json,
3339.json,
3340.json,
3340_2.json,
3342.json,
3345.json,
3346.json,
3348.json,
3349-3273.json,
3349.json,
3350.json,
3353.json,
3360_3.json,
3364.json,
427.json,
430.json,
4313_architrave.json,
432.json,
434.json,
438.json,
5354.json,
845.json,
A_canthare.json,
B_3351.json,
C_3354.json,
D_3354a.json,
E_3257.json,
F_3354.json,
T6L1.json
